Fire,visit,PlotID,Plot_type,Sample_year,Species,Cover,modal_ht_cm
Power,revisit,PWR1400223,whole_plot,2022,CHFO,61,40
Power,revisit,PWR1400222,whole_plot,2022,CEIN,66,200
Power,revisit,PWR1400222,whole_plot,2022,CHFO,33,45
Power,revisit,PWR1400093,whole_plot,2022,CHFO,25,22
Power,revisit,PWR1400187,whole_plot,2022,CEIN,35,165
Power,revisit,PWR1400187,whole_plot,2022,CHFO,10,34
Power,revisit,PWR1400065,whole_plot,2022,CECO,41,182
Power,revisit,PWR1400065,whole_plot,2022,ARPA,28,204
Power,revisit,PWR1400008,whole_plot,2022,CECO,80,110
Power,revisit,PWR1400246,whole_plot,2022,CHFO,35,36
Power,revisit,PWR1400246,whole_plot,2022,CEIN,25,304
Freds,revisit,FRD120103,whole_plot,2022,CEIN,15,113
CLV,revisit,151,whole_plot,2022,ARPA,78,169
CLV,revisit,151,whole_plot,2022,CEPA,13,97
CLV,revisit,151,whole_plot,2022,CECO,11,81
CLV,revisit,151,whole_plot,2022,CEPR,10,9
CLV,revisit,135,whole_plot,2022,CEIN,53,113
CLV,revisit,135,whole_plot,2022,PREM,12,278
CLV,revisit,140,whole_plot,2022,CEIN,78,322
CLV,revisit,140,whole_plot,2022,ARVI,11,277
CLV,revisit,116,whole_plot,2022,CEIN,96,200
CLV,revisit,117,whole_plot,2022,CEIN,76,273
CLV,revisit,138,whole_plot,2022,CEIN,75,272
CLV,revisit,138,whole_plot,2022,ARVI,12,251
CLV,revisit,113,whole_plot,2022,PREM,20,414
CLV,revisit,113,whole_plot,2022,CEIN,73,429
CLV,revisit,114,whole_plot,2022,ARVI,12,296
CLV,revisit,114,whole_plot,2022,PREM,12,286
CLV,revisit,114,whole_plot,2022,CEIN,69,286
CLV,revisit,136,whole_plot,2022,CEIN,60,444
MNL,revisit,W_6,whole_plot,2022,CECO,63,119
MNL,revisit,W_7A,whole_plot,2022,ARPA,29,118
MNL,revisit,W_7A,whole_plot,2022,CECO,30,118
MNL,revisit,S_3B,whole_plot,2022,NA,NA,NA
MNL,revisit,W_5,whole_plot,2022,ARPA,15,129
MNL,revisit,W_5,whole_plot,2022,CEVE,35,131
MNL,revisit,W_5,whole_plot,2022,PUTR,10,97
MNL,revisit,W_5,whole_plot,2022,CEPR,15,6
MNL,revisit,NW_5,whole_plot,2022,ARPA,13,68
MNL,revisit,NW_5,whole_plot,2022,CEPR,13,7
MNL,revisit,NW_5,whole_plot,2022,CECO,23,31
MNL,revisit,NW_5,whole_plot,2022,SYMO,14,28
MNL,revisit,S_3A,whole_plot,2022,CECO,58,61
MNL,revisit,SW_3,whole_plot,2022,CEVE,21,155
MNL,revisit,SW_3,whole_plot,2022,CECO,18,139
Power,revisit,PWR1400226,whole_plot,2022,CEIN,70,187
Power,revisit,PWR1400226,whole_plot,2022,ARPA,11,173
Power,revisit,PWR1400226,whole_plot,2022,CHFO,14,21
Power,revisit,PWR1400081,whole_plot,2022,CECO,17,87
Power,revisit,PWR1400081,whole_plot,2022,ARPA,22,136
Power,revisit,PWR1400103,whole_plot,2022,CHFO,63,49
Power,revisit,PWR1400103,whole_plot,2022,CECO,47,91
Power,revisit,PWR1400143,whole_plot,2022,CHFO,69,17
Power,revisit,PWR1400143,whole_plot,2022,KEBR,11,81
Power,revisit,PWR1400144,whole_plot,2022,CHFO,12,33
Power,revisit,PWR1400144,whole_plot,2022,ARVI,21,158
Power,revisit,PWR1400144,whole_plot,2022,KEBR,13,64
Power,revisit,PWR1400145,whole_plot,2022,CHFO,70,51
Power,revisit,PWR1400145,whole_plot,2022,CEIN,19,198
Power,revisit,PWR1400146,whole_plot,2022,ARVI,51,222
Power,revisit,PWR1400146,whole_plot,2022,CEIN,29,229
Power,revisit,PWR1400146,whole_plot,2022,CHFO,26,53
Power,revisit,PWR1400027,whole_plot,2022,ARPA,41,141
Power,revisit,PWR1400027,whole_plot,2022,CECO,75,151
GON,revisit,GON001,whole_plot,2019,APAN,0.5,NA
GON,revisit,GON001,whole_plot,2019,ARNE,12,NA
GON,revisit,GON001,whole_plot,2019,RINE,0.5,NA
GON,revisit,GON002,whole_plot,2019,ARNE,1,NA
GON,revisit,GON002,whole_plot,2019,CEVE,45,NA
GON,revisit,GON002,whole_plot,2019,RIVI,0.5,NA
GON,revisit,GON003,whole_plot,2019,ARNE,7,NA
GON,revisit,GON003,whole_plot,2019,CEVE,15,NA
GON,revisit,GON004,whole_plot,2019,CECO,1,NA
GON,revisit,GON004,whole_plot,2019,RIVI,33,NA
GON,revisit,GON004,whole_plot,2019,RUPA,13,NA
GON,revisit,GON005,whole_plot,2019,APAN,0.5,NA
GON,revisit,GON005,whole_plot,2019,ARNE,1,NA
GON,revisit,GON005,whole_plot,2019,CEVE,22,NA
GON,revisit,GON006,whole_plot,2019,ARPA,1,NA
GON,revisit,GON006,whole_plot,2019,CECO,1,NA
GON,revisit,GON006,whole_plot,2019,CEVE,8,NA
GON,revisit,GON006,whole_plot,2019,RINE,2,NA
GON,revisit,GON007,whole_plot,2019,APAN,0.5,NA
GON,revisit,GON007,whole_plot,2019,ARPA,0.5,NA
GON,revisit,GON007,whole_plot,2019,CECO,25,NA
GON,revisit,GON007,whole_plot,2019,CEVE,50,NA
GON,revisit,GON007,whole_plot,2019,RIVI,0.5,NA
GON,revisit,GON007,whole_plot,2019,RUPA,0.5,NA
GON,revisit,GON008,whole_plot,2019,APAN,0.5,NA
GON,revisit,GON008,whole_plot,2019,ARNE,2,NA
GON,revisit,GON008,whole_plot,2019,CECO,2,NA
GON,revisit,GON008,whole_plot,2019,CEVE,2,NA
GON,revisit,GON008,whole_plot,2019,PUTR,0.5,NA
GON,revisit,GON009,whole_plot,2019,ARNE,20,NA
GON,revisit,GON009,whole_plot,2019,CEVE,30,NA
GON,revisit,GON010,whole_plot,2019,ARNE,30,NA
GON,revisit,GON010,whole_plot,2019,ARPA,0.5,NA
GON,revisit,GON010,whole_plot,2019,CECO,5,NA
GON,revisit,GON010,whole_plot,2019,CEVE,10,NA
GON,revisit,GON010,whole_plot,2019,RINE,0.5,NA
GON,revisit,GON011,whole_plot,2019,ARNE,15,NA
GON,revisit,GON012,whole_plot,2019,APAN,1,NA
GON,revisit,GON012,whole_plot,2019,ARNE,8,NA
GON,revisit,GON012,whole_plot,2019,CEVE,24,NA
GON,revisit,GON013,whole_plot,2019,ARNE,35,NA
GON,revisit,GON013,whole_plot,2019,CEVE,5,NA
GON,revisit,GON014,whole_plot,2019,ARNE,4.5,NA
GON,revisit,GON016,whole_plot,2019,APAN,0.5,NA
GON,revisit,GON016,whole_plot,2019,PUTR,7,NA
GON,revisit,GON017,whole_plot,2019,ARNE,17,NA
GON,revisit,GON017,whole_plot,2019,CEVE,1,NA
GON,revisit,GON018,whole_plot,2019,ARNE,5,NA
GON,revisit,GON018,whole_plot,2019,CEVE,60,NA
GON,revisit,GON019,whole_plot,2019,ARNE,35,NA
GON,revisit,GON019,whole_plot,2019,CEVE,4,NA
GON,revisit,GON020,whole_plot,2019,ARNE,50,NA
GON,revisit,GON020,whole_plot,2019,ARPA,0.5,NA
GON,revisit,GON020,whole_plot,2019,CEVE,6,NA
GON,revisit,GON020,whole_plot,2019,PENE,0.5,NA
GON,revisit,GON020,whole_plot,2019,RICE,0.5,NA
GON,revisit,GON020,whole_plot,2019,RIVI,0.5,NA
GON,revisit,GON021,whole_plot,2019,ARNE,68,NA
GON,revisit,GON021,whole_plot,2019,CEVE,0.5,NA
GON,revisit,GON021,whole_plot,2019,PENE,0.5,NA
GON,revisit,GON021,whole_plot,2019,RINE,0.5,NA
GON,revisit,GON022,whole_plot,2019,RICE,2,NA
GON,revisit,GON022,whole_plot,2019,RIVI,0.5,NA
GON,revisit,GON022,whole_plot,2019,SARA,0.5,NA
GON,revisit,GON023,whole_plot,2019,ARNE,20,NA
GON,revisit,GON023,whole_plot,2019,CEVE,14,NA
GON,revisit,GON023,whole_plot,2019,RUPA,1,NA
GON,revisit,GON024,whole_plot,2019,ARNE,10,NA
GON,revisit,GON024,whole_plot,2019,CEVE,50,NA
GON,revisit,GON024,whole_plot,2019,RUPA,0.5,NA
GON,revisit,GON025,whole_plot,2019,ARNE,12,NA
GON,revisit,GON025,whole_plot,2019,CEVE,1,NA
GON,revisit,GON026,whole_plot,2019,ARNE,14,NA
GON,revisit,GON026,whole_plot,2019,PENE,2,NA
GON,revisit,GON027,whole_plot,2019,ARNE,7,NA
GON,revisit,GON027,whole_plot,2019,CEVE,30,NA
GON,revisit,GON027,whole_plot,2019,PENE,1,NA
GON,revisit,GON028,whole_plot,2019,CEVE,1,NA
GON,revisit,GON028,whole_plot,2019,RICE,10,NA
GON,revisit,GON028,whole_plot,2019,RIVI,20,NA
GON,revisit,GON030,whole_plot,2019,ARNE,15,NA
GON,revisit,GON031,whole_plot,2019,ARNE,12,NA
GON,revisit,GON031,whole_plot,2019,PENE,1,NA
GON,revisit,GON032,whole_plot,2019,ARNE,10,NA
GON,revisit,GON032,whole_plot,2019,CEVE,45,NA
GON,revisit,GON034,whole_plot,2019,ARNE,7,NA
GON,revisit,GON034,whole_plot,2019,CEVE,26,NA
GON,revisit,GON035,whole_plot,2019,ARNE,15,NA
GON,revisit,GON035,whole_plot,2019,PENE,0.5,NA
GON,revisit,GON036,whole_plot,2019,ARNE,22,NA
GON,revisit,GON036,whole_plot,2019,CEVE,3,NA
GON,revisit,GON037,whole_plot,2019,ARNE,18,NA
GON,revisit,GON037,whole_plot,2019,PENE,0.5,NA
GON,revisit,GON038,whole_plot,2019,ARNE,40,NA
GON,revisit,GON038,whole_plot,2019,CEVE,19,NA
GON,revisit,GON038,whole_plot,2019,PENE,0.5,NA
GON,revisit,GON038,whole_plot,2019,RICE,1,NA
GON,revisit,GON038,whole_plot,2019,RIVI,1,NA
GON,revisit,GON039,whole_plot,2019,ARNE,38,NA
GON,revisit,GON039,whole_plot,2019,CEVE,12,NA
GON,revisit,GON039,whole_plot,2019,RICE,0.5,NA
GON,revisit,GON040,whole_plot,2019,ARNE,0.5,NA
GON,revisit,GON040,whole_plot,2019,CEVE,1,NA
GON,revisit,GON040,whole_plot,2019,RICE,1,NA
GON,revisit,GON040,whole_plot,2019,RINE,0.5,NA
GON,revisit,GON041,whole_plot,2019,ARNE,25,NA
GON,revisit,GON041,whole_plot,2019,PENE,0.5,NA
GON,revisit,GON042,whole_plot,2019,ARNE,2,NA
GON,revisit,GON042,whole_plot,2019,RINE,0.5,NA
GON,revisit,GON043,whole_plot,2019,ARNE,25,NA
GON,revisit,GON043,whole_plot,2019,CEVE,15,NA
GON,revisit,GON043,whole_plot,2019,PENE,1,NA
SHR,revisit,SHR001,whole_plot,2019,AMUT,1,NA
SHR,revisit,SHR001,whole_plot,2019,APAN,0.5,NA
SHR,revisit,SHR001,whole_plot,2019,ARNE,1,NA
SHR,revisit,SHR001,whole_plot,2019,CECO,30,NA
SHR,revisit,SHR001,whole_plot,2019,PENE,1,NA
SHR,revisit,SHR002,whole_plot,2019,APAN,1,NA
SHR,revisit,SHR002,whole_plot,2019,CECO,25,NA
SHR,revisit,SHR002,whole_plot,2019,RIRO,0.5,NA
SHR,revisit,SHR002,whole_plot,2019,SYMO,1,NA
SHR,revisit,SHR003,whole_plot,2019,APAN,1,NA
SHR,revisit,SHR003,whole_plot,2019,ARNE,0.5,NA
SHR,revisit,SHR003,whole_plot,2019,CEVE,35,NA
SHR,revisit,SHR003,whole_plot,2019,SYMO,0.5,NA
SHR,revisit,SHR004,whole_plot,2019,CECO,10,NA
SHR,revisit,SHR004,whole_plot,2019,RIVI,5,NA
SHR,revisit,SHR004,whole_plot,2019,RUPA,0.5,NA
SHR,revisit,SHR005,whole_plot,2019,ARNE,2,NA
SHR,revisit,SHR005,whole_plot,2019,CECO,14,NA
SHR,revisit,SHR005,whole_plot,2019,PENE,0.5,NA
SHR,revisit,SHR005,whole_plot,2019,RINE,2,NA
SHR,revisit,SHR005,whole_plot,2019,SPDE,1,NA
SHR,revisit,SHR005,whole_plot,2019,SYMO,0.5,NA
SHR,revisit,SHR006,whole_plot,2019,APAN,1,NA
SHR,revisit,SHR006,whole_plot,2019,CECO,17,NA
SHR,revisit,SHR006,whole_plot,2019,PENE,2,NA
SHR,revisit,SHR006,whole_plot,2019,RINE,0,NA
SHR,revisit,SHR007,whole_plot,2019,APAN,0.5,NA
SHR,revisit,SHR007,whole_plot,2019,CECO,85,NA
SHR,revisit,SHR007,whole_plot,2019,SYMO,2,NA
SHR,revisit,SHR008,whole_plot,2019,APAN,0.5,NA
SHR,revisit,SHR008,whole_plot,2019,ARPA,0.5,NA
SHR,revisit,SHR008,whole_plot,2019,CECO,65,NA
SHR,revisit,SHR008,whole_plot,2019,PREM,0.5,NA
SHR,revisit,SHR008,whole_plot,2019,RINE,0.5,NA
SHR,revisit,SHR008,whole_plot,2019,SYMO,0.5,NA
SHR,revisit,SHR009,whole_plot,2019,CECO,5,NA
SHR,revisit,SHR009,whole_plot,2019,RIVI,1,NA
SHR,revisit,SHR010,whole_plot,2019,APAN,0.5,NA
SHR,revisit,SHR010,whole_plot,2019,ARNE,1,NA
SHR,revisit,SHR010,whole_plot,2019,ARPA,0.5,NA
SHR,revisit,SHR010,whole_plot,2019,CECO,33,NA
SHR,revisit,SHR011,whole_plot,2019,APAN,0.5,NA
SHR,revisit,SHR011,whole_plot,2019,CECO,85,NA
SHR,revisit,SHR011,whole_plot,2019,RIRO,0.5,NA
SHR,revisit,SHR011,whole_plot,2019,SYMO,2,NA
SHR,revisit,SHR012,whole_plot,2019,APAN,0.5,NA
SHR,revisit,SHR012,whole_plot,2019,CECO,12,NA
SHR,revisit,SHR013,whole_plot,2019,ARNE,13,NA
SHR,revisit,SHR013,whole_plot,2019,PENE,0.5,NA
SHR,revisit,SHR013,whole_plot,2019,RICE,0.5,NA
SHR,revisit,SHR013,whole_plot,2019,RIRO,0.5,NA
SHR,revisit,SHR013,whole_plot,2019,RIVI,1,NA
SHR,revisit,SHR013,whole_plot,2019,SPDE,0.5,NA
SHR,revisit,SHR013,whole_plot,2019,SYMO,0.5,NA
SHR,revisit,SHR014,whole_plot,2019,APAN,0.5,NA
SHR,revisit,SHR014,whole_plot,2019,ARNE,7,NA
SHR,revisit,SHR014,whole_plot,2019,ARPA,0.5,NA
SHR,revisit,SHR014,whole_plot,2019,CECO,80,NA
SHR,revisit,SHR014,whole_plot,2019,HODI,0.5,NA
SHR,revisit,SHR014,whole_plot,2019,RIVI,0.5,NA
SHR,revisit,SHR014,whole_plot,2019,SYMO,7,NA
SHR,revisit,SHR015,whole_plot,2019,APAN,0.5,NA
SHR,revisit,SHR015,whole_plot,2019,ARNE,3,NA
SHR,revisit,SHR015,whole_plot,2019,CECO,2,NA
SHR,revisit,SHR016,whole_plot,2019,APAN,0.5,NA
SHR,revisit,SHR016,whole_plot,2019,CECO,13,NA
SHR,revisit,SHR016,whole_plot,2019,SYMO,0.5,NA
SHR,revisit,SHR017,whole_plot,2019,APAN,0.5,NA
SHR,revisit,SHR017,whole_plot,2019,ARNE,6,NA
SHR,revisit,SHR017,whole_plot,2019,CECO,1,NA
SHR,revisit,SHR017,whole_plot,2019,PENE,0.5,NA
SHR,revisit,SHR017,whole_plot,2019,SYMO,0.5,NA
SHR,revisit,SHR018,whole_plot,2019,CECO,5,NA
SHR,revisit,SHR018,whole_plot,2019,RICE,10,NA
SHR,revisit,SHR018,whole_plot,2019,RUPA,2,NA
SHR,revisit,SHR018,whole_plot,2019,SYMO,10,NA
SHR,revisit,SHR019,whole_plot,2019,APAN,0.5,NA
SHR,revisit,SHR019,whole_plot,2019,CECO,1,NA
SHR,revisit,SHR019,whole_plot,2019,RINE,3,NA
SHR,revisit,SHR019,whole_plot,2019,RUPA,1,NA
SHR,revisit,SHR020,whole_plot,2019,AMUT,0.5,NA
SHR,revisit,SHR020,whole_plot,2019,APAN,1,NA
SHR,revisit,SHR020,whole_plot,2019,RINE,0.5,NA
SHR,revisit,SHR020,whole_plot,2019,RUPA,0.5,NA
SHR,revisit,SHR020,whole_plot,2019,SYMO,1,NA
SHR,revisit,SHR021,whole_plot,2019,APAN,2,NA
SHR,revisit,SHR021,whole_plot,2019,CECO,1,NA
SHR,revisit,SHR021,whole_plot,2019,PENE,0.5,NA
SHR,revisit,SHR021,whole_plot,2019,RINE,1,NA
SHR,revisit,SHR021,whole_plot,2019,RUPA,3,NA
SHR,revisit,SHR022,whole_plot,2019,APAN,0.5,NA
SHR,revisit,SHR022,whole_plot,2019,CECO,6,NA
SHR,revisit,SHR023,whole_plot,2019,ARNE,0.5,NA
SHR,revisit,SHR023,whole_plot,2019,PENE,0.5,NA
GON,initial,GON001,regen_plot,2008,APAN,0.5,15
GON,initial,GON001,regen_plot,2008,RIBES,0.3,15
GON,initial,GON002,regen_plot,2008,ARNE,2,15
GON,initial,GON002,regen_plot,2008,CEVE,2,90
GON,initial,GON003,regen_plot,2008,ARNE,2,15
GON,initial,GON003,regen_plot,2008,CEVE,2,30
GON,initial,GON004,regen_plot,2008,ALINT,2,60
GON,initial,GON004,regen_plot,2008,RINE,20,90
GON,initial,GON004,regen_plot,2008,RUPA,2,60
GON,initial,GON005,regen_plot,2008,CECO,1,15
GON,initial,GON005,regen_plot,2008,CEVE,1,15
GON,initial,GON007,regen_plot,2008,CECO,4,30
GON,initial,GON007,regen_plot,2008,CEVE,4,45
GON,initial,GON009,regen_plot,2008,ARNE,4,15
GON,initial,GON009,regen_plot,2008,CEVE,13,90
GON,initial,GON010,regen_plot,2008,APAN,3,27
GON,initial,GON010,regen_plot,2008,ARPA,3,60
GON,initial,GON010,regen_plot,2008,CECO,1,30
GON,initial,GON010,regen_plot,2008,CEVE,2,60
GON,initial,GON011,regen_plot,2008,ARNE,7,15
GON,initial,GON012,regen_plot,2008,ARNE,5,15
GON,initial,GON012,regen_plot,2008,CEVE,10,120
GON,initial,GON013,regen_plot,2008,ARNE,4,15
GON,initial,GON014,regen_plot,2008,ARNE,4,15
GON,initial,GON014,regen_plot,2008,CEVE,1,15
GON,initial,GON016,regen_plot,2008,APAN,0.5,4
GON,initial,GON016,regen_plot,2008,PUTR,20,90
GON,initial,GON017,regen_plot,2008,ARNE,0.5,15
GON,initial,GON018,regen_plot,2008,ARNE,15,30
GON,initial,GON018,regen_plot,2008,CEVE,20,60
GON,initial,GON019,regen_plot,2008,ARNE,4,15
GON,initial,GON020,regen_plot,2008,ARNE,16,15
GON,initial,GON020,regen_plot,2008,CEVE,4,30
GON,initial,GON020,regen_plot,2008,RICE,0.5,15
GON,initial,GON021,regen_plot,2008,ARNE,15,15
GON,initial,GON021,regen_plot,2008,RICE,0.5,45
GON,initial,GON021,regen_plot,2008,RINE,1,45
GON,initial,GON022,regen_plot,2008,RIVI,1,75
GON,initial,GON023,regen_plot,2008,ARNE,2,15
GON,initial,GON023,regen_plot,2008,CEVE,1,30
GON,initial,GON023,regen_plot,2008,RINE,1,30
GON,initial,GON024,regen_plot,2008,ARNE,1,15
GON,initial,GON024,regen_plot,2008,CEVE,18,60
GON,initial,GON026,regen_plot,2008,ARNE,22,15
GON,initial,GON027,regen_plot,2008,ARNE,2,30
GON,initial,GON027,regen_plot,2008,CEVE,1,15
GON,initial,GON028,regen_plot,2008,ALINT,3,180
GON,initial,GON028,regen_plot,2008,RICE,3,120
GON,initial,GON028,regen_plot,2008,RIVI,2,45
GON,initial,GON028,regen_plot,2008,RUPA,45,21
GON,initial,GON030,regen_plot,2008,ARNE,8,15
GON,initial,GON031,regen_plot,2008,ARNE,4,15
GON,initial,GON031,regen_plot,2008,PENE,0.5,15
GON,initial,GON032,regen_plot,2008,CEVE,10,60
GON,initial,GON035,regen_plot,2008,ARNE,1,18
GON,initial,GON036,regen_plot,2008,ARNE,20,15
GON,initial,GON037,regen_plot,2008,ARNE,15,24
GON,initial,GON037,regen_plot,2008,CEVE,1,45
GON,initial,GON037,regen_plot,2008,PENE,2,30
GON,initial,GON038,regen_plot,2008,ARNE,6,15
GON,initial,GON038,regen_plot,2008,CEVE,1,30
GON,initial,GON038,regen_plot,2008,RICE,3,30
GON,initial,GON038,regen_plot,2008,RINE,1,75
GON,initial,GON038,regen_plot,2008,SARA,0.5,15
GON,initial,GON039,regen_plot,2008,ARNE,5,12
GON,initial,GON039,regen_plot,2008,CEVE,0.5,4
GON,initial,GON039,regen_plot,2008,RIRO,0.5,4
GON,initial,GON040,regen_plot,2008,CEVE,0.5,15
GON,initial,GON040,regen_plot,2008,RINE,2,60
GON,initial,GON041,regen_plot,2008,ARNE,30,18
GON,initial,GON043,regen_plot,2008,ARNE,1,9
GON,initial,GON043,regen_plot,2008,CEVE,1,12
GON,initial,GON043,regen_plot,2008,PENE,0.5,9
SHR,initial,SHR001,regen_plot,2009,ARNE,0.5,0
SHR,initial,SHR001,regen_plot,2009,CECO,0.5,0
SHR,initial,SHR001,regen_plot,2009,RIBES,0.5,0
SHR,initial,SHR002,regen_plot,2009,ARPA,5,0
SHR,initial,SHR002,regen_plot,2009,CECO,0.5,0
SHR,initial,SHR002,regen_plot,2009,SYRO,0.5,0
SHR,initial,SHR003,regen_plot,2009,ARNE,0.5,0
SHR,initial,SHR003,regen_plot,2009,ARPA,0.5,0
SHR,initial,SHR003,regen_plot,2009,CECO,15,0
SHR,initial,SHR004,regen_plot,2009,CECO,2,0
SHR,initial,SHR004,regen_plot,2009,RIBES,15,0
SHR,initial,SHR005,regen_plot,2009,CECO,7,152.4
SHR,initial,SHR005,regen_plot,2009,RINE,1,60.96
SHR,initial,SHR005,regen_plot,2009,SPDE,1,30.48
SHR,initial,SHR005,regen_plot,2009,SYMO,1,30.48
SHR,initial,SHR006,regen_plot,2009,CECO,1,0
SHR,initial,SHR007,regen_plot,2009,ARPA,0.5,0
SHR,initial,SHR007,regen_plot,2009,CECO,75,0
SHR,initial,SHR007,regen_plot,2009,SYRO,0.5,0
SHR,initial,SHR008,regen_plot,2009,ARPA,0.5,0
SHR,initial,SHR008,regen_plot,2009,CECO,30,0
SHR,initial,SHR008,regen_plot,2009,RIBES,1,0
SHR,initial,SHR008,regen_plot,2009,SYRO,0.5,0
SHR,initial,SHR009,regen_plot,2009,RIRO,1,0
SHR,initial,SHR010,regen_plot,2009,CECO,4,45.72
SHR,initial,SHR011,regen_plot,2009,ARNE,10,0
SHR,initial,SHR012,regen_plot,2009,ARNE,8,30.48
SHR,initial,SHR012,regen_plot,2009,CECO,1,30.48
SHR,initial,SHR013,regen_plot,2009,ARNE,0.5,15.24
SHR,initial,SHR013,regen_plot,2009,CECO,2,30.48
SHR,initial,SHR013,regen_plot,2009,RINE,0.5,30.48
SHR,initial,SHR013,regen_plot,2009,SYMO,0.5,15.24
SHR,initial,SHR014,regen_plot,2009,ARPA,0.5,60.96
SHR,initial,SHR014,regen_plot,2009,CECO,36,76.2
SHR,initial,SHR014,regen_plot,2009,SYMO,0.5,45.72
SHR,initial,SHR015,regen_plot,2009,ARNE,0.5,15.24
SHR,initial,SHR015,regen_plot,2009,CECO,0.5,15.24
SHR,initial,SHR017,regen_plot,2009,ARNE,2,30.48
CLV,initial,113,whole_plot,2013,CEIN,90,0
CLV,initial,113,whole_plot,2013,PREM,5,0
CLV,initial,114,whole_plot,2013,CEIN,70,0
CLV,initial,116,whole_plot,2013,CEIN,95,0
CLV,initial,117,whole_plot,2013,CEIN,75,0
CLV,initial,135,whole_plot,2013,CEIN,60,0
CLV,initial,135,whole_plot,2013,PREM,5,0
CLV,initial,136,whole_plot,2013,CEIN,80,0
CLV,initial,138,whole_plot,2013,CEIN,75,0
CLV,initial,140,whole_plot,2013,ARVI,20,0
CLV,initial,140,whole_plot,2013,CEIN,70,0
CLV,initial,140,whole_plot,2013,PREM,5,0
CLV,initial,140,whole_plot,2013,RIRO,0.5,0
CLV,initial,151,whole_plot,2013,ARPA,30,0
CLV,initial,151,whole_plot,2013,CECO,7,0
CLV,initial,151,whole_plot,2013,CEPR,10,0
Freds,initial,FRD120103,whole_plot,2012,ARVI,1,0
Freds,initial,FRD120103,whole_plot,2012,CEIN,9,0
Freds,initial,FRD120103,whole_plot,2012,CHFO,4,0
Freds,initial,FRD120103,whole_plot,2012,LASE,0.5,0
MNL,initial,NW_5,whole_plot,2014,AMUT,0,20
MNL,initial,NW_5,whole_plot,2014,APAN,0,20
MNL,initial,NW_5,whole_plot,2014,ARPA,0,20
MNL,initial,NW_5,whole_plot,2014,CECO,8,20
MNL,initial,NW_5,whole_plot,2014,CEPR,0,20
MNL,initial,NW_5,whole_plot,2014,LASE,0,20
MNL,initial,NW_5,whole_plot,2014,PREM,3,20
MNL,initial,NW_5,whole_plot,2014,RICE,0,20
MNL,initial,NW_5,whole_plot,2014,RIRO,0,20
MNL,initial,NW_5,whole_plot,2014,SYMO,15,20
MNL,initial,SW_3,whole_plot,2014,AMUT,0,0
MNL,initial,SW_3,whole_plot,2014,ARPA,0,0
MNL,initial,SW_3,whole_plot,2014,CECO,2,0
MNL,initial,SW_3,whole_plot,2014,CEPR,1,0
MNL,initial,SW_3,whole_plot,2014,CEVE,4,0
MNL,initial,SW_3,whole_plot,2014,ROWO,0,0
MNL,initial,S_3A,whole_plot,2014,CECO,35,35
MNL,initial,S_3A,whole_plot,2014,CEIN,0,35
MNL,initial,S_3A,whole_plot,2014,CEVE,2,35
MNL,initial,S_3A,whole_plot,2014,LASE,0,35
MNL,initial,S_3A,whole_plot,2014,PREM,0,35
MNL,initial,S_3A,whole_plot,2014,RICE,3,35
MNL,initial,S_3A,whole_plot,2014,RIRO,0,35
MNL,initial,S_3A,whole_plot,2014,SYMO,0,35
MNL,initial,S_3B,whole_plot,2014,ARPA,0,40
MNL,initial,S_3B,whole_plot,2014,CECO,1,40
MNL,initial,S_3B,whole_plot,2014,CEVE,1,40
MNL,initial,S_3B,whole_plot,2014,PREM,0,40
MNL,initial,S_3B,whole_plot,2014,PUTR,0,40
MNL,initial,S_3B,whole_plot,2014,RICE,0,40
MNL,initial,W_5,whole_plot,2014,ARPA,1,70
MNL,initial,W_5,whole_plot,2014,CEPR,3,70
MNL,initial,W_5,whole_plot,2014,CEVE,7,70
MNL,initial,W_5,whole_plot,2014,PUTR,1,70
MNL,initial,W_6,whole_plot,2014,APAN,0,100
MNL,initial,W_6,whole_plot,2014,ARPA,2,100
MNL,initial,W_6,whole_plot,2014,CECO,55,100
MNL,initial,W_6,whole_plot,2014,RICE,0,100
MNL,initial,W_6,whole_plot,2014,RIRO,0,100
MNL,initial,W_6,whole_plot,2014,SYMO,1,100
MNL,initial,W_7A,whole_plot,2014,ARPA,4,110.00000000000001
MNL,initial,W_7A,whole_plot,2014,CECO,15,110.00000000000001
MNL,initial,W_7A,whole_plot,2014,CEPR,2,110.00000000000001
PWR,initial,PWR1400008,whole_plot,2014,ARPA,0,150
PWR,initial,PWR1400008,whole_plot,2014,CECO,65,150
PWR,initial,PWR1400008,whole_plot,2014,RIRO,0,150
PWR,initial,PWR1400008,whole_plot,2014,SYMO,0,150
PWR,initial,PWR1400027,whole_plot,2014,APAN,0,100
PWR,initial,PWR1400027,whole_plot,2014,ARPA,32,100
PWR,initial,PWR1400027,whole_plot,2014,ARVI,0,100
PWR,initial,PWR1400027,whole_plot,2014,CECO,63,100
PWR,initial,PWR1400027,whole_plot,2014,CHFO,1,100
PWR,initial,PWR1400027,whole_plot,2014,RINE,0,100
PWR,initial,PWR1400027,whole_plot,2014,RIRO,0,100
PWR,initial,PWR1400065,whole_plot,2014,ARPA,20,170
PWR,initial,PWR1400065,whole_plot,2014,CECO,50,170
PWR,initial,PWR1400065,whole_plot,2014,CEIN,1,170
PWR,initial,PWR1400065,whole_plot,2014,CHFO,5,170
PWR,initial,PWR1400065,whole_plot,2014,RIRO,0,170
PWR,initial,PWR1400081,whole_plot,2014,APAN,0,90
PWR,initial,PWR1400081,whole_plot,2014,ARPA,16,90
PWR,initial,PWR1400081,whole_plot,2014,ARVI,0,90
PWR,initial,PWR1400081,whole_plot,2014,CECO,23,90
PWR,initial,PWR1400081,whole_plot,2014,CHFO,2,90
PWR,initial,PWR1400081,whole_plot,2014,KEBR,0,90
PWR,initial,PWR1400081,whole_plot,2014,RIRO,0,90
PWR,initial,PWR1400093,whole_plot,2014,ARPA,0,40
PWR,initial,PWR1400093,whole_plot,2014,ARVI,0,40
PWR,initial,PWR1400093,whole_plot,2014,CECO,1,40
PWR,initial,PWR1400093,whole_plot,2014,CHFO,39,40
PWR,initial,PWR1400093,whole_plot,2014,RIRO,0,40
PWR,initial,PWR1400103,whole_plot,2014,ARPA,10,30
PWR,initial,PWR1400103,whole_plot,2014,ARVI,0,30
PWR,initial,PWR1400103,whole_plot,2014,CECO,27,30
PWR,initial,PWR1400103,whole_plot,2014,CHFO,37,30
PWR,initial,PWR1400143,whole_plot,2014,ARVI,0,20
PWR,initial,PWR1400143,whole_plot,2014,CHFO,80,20
PWR,initial,PWR1400143,whole_plot,2014,KEBR,6,20
PWR,initial,PWR1400144,whole_plot,2014,ARPA,0,100
PWR,initial,PWR1400144,whole_plot,2014,ARVI,12,100
PWR,initial,PWR1400144,whole_plot,2014,CHFO,3,100
PWR,initial,PWR1400144,whole_plot,2014,KEBR,12,100
PWR,initial,PWR1400145,whole_plot,2014,CEIN,15,40
PWR,initial,PWR1400145,whole_plot,2014,CHFO,40,40
PWR,initial,PWR1400145,whole_plot,2014,KEBR,2,40
PWR,initial,PWR1400146,whole_plot,2014,ARVI,28,120
PWR,initial,PWR1400146,whole_plot,2014,CEIN,28,120
PWR,initial,PWR1400146,whole_plot,2014,CHFO,13,120
PWR,initial,PWR1400146,whole_plot,2014,KEBR,3,120
PWR,initial,PWR1400187,whole_plot,2014,ARVI,0,150
PWR,initial,PWR1400187,whole_plot,2014,CEIN,30,150
PWR,initial,PWR1400187,whole_plot,2014,CHFO,30,150
PWR,initial,PWR1400187,whole_plot,2014,RIRO,0,150
PWR,initial,PWR1400222,whole_plot,2014,ARVI,0,400
PWR,initial,PWR1400222,whole_plot,2014,CEIN,52,400
PWR,initial,PWR1400222,whole_plot,2014,CHFO,37,400
PWR,initial,PWR1400223,whole_plot,2014,ARVI,0,40
PWR,initial,PWR1400223,whole_plot,2014,CEIN,0,40
PWR,initial,PWR1400223,whole_plot,2014,CHFO,85,40
PWR,initial,PWR1400223,whole_plot,2014,KEBR,0,40
PWR,initial,PWR1400226,whole_plot,2014,ARPA,3,120
PWR,initial,PWR1400226,whole_plot,2014,CEIN,60,120
PWR,initial,PWR1400226,whole_plot,2014,CHFO,1,120
PWR,initial,PWR1400226,whole_plot,2014,RIRO,0,120
PWR,initial,PWR1400246,whole_plot,2014,CEIN,15,250
PWR,initial,PWR1400246,whole_plot,2014,CHFO,12,250
PWR,initial,PWR1400246,whole_plot,2014,RIRO,0,250
AMR,initial,AMR1300423,regen_plot,2013,ARPA,35,120
AMR,initial,AMR1300423,regen_plot,2013,CECO,0.5,15
AMR,initial,AMR1300423,regen_plot,2013,CEPR,20,3
AMR,initial,AMR1300423,regen_plot,2013,PREM,0.5,12
ANG,initial,ANG10,regen_plot,2012,ARPA,0.5,25
ANG,initial,ANG16,regen_plot,2012,ARPA,3,28
ANG,initial,ANG16,regen_plot,2012,CECO,20,15
ANG,initial,ANG25,regen_plot,2012,ARPA,0.5,45
ANG,initial,ANG25,regen_plot,2012,CECO,6,25
ANG,initial,ANG30,regen_plot,2012,CECO,15,40
ANG,initial,ANG32,regen_plot,2012,ARPA,1,35
ANG,initial,ANG32,regen_plot,2012,CECO,20,60
ANG,initial,ANG4,regen_plot,2012,ALINT,24,200
ANG,initial,ANG4,regen_plot,2012,AMUT,0.5,45
ANG,initial,ANG4,regen_plot,2012,RINE,5,50
ANG,initial,ANG45,regen_plot,2012,CECO,9,0.5
ANG,initial,ANG56,regen_plot,2012,ALINT,4,210
ANG,initial,ANG56,regen_plot,2012,ARPA,0.5,45
ANG,initial,ANG56,regen_plot,2012,CECO,0.5,30
ANG,initial,ANG56,regen_plot,2012,LOCO,0.5,70
ANG,initial,ANG56,regen_plot,2012,RUPA,10,5
ANG,initial,ANG75,regen_plot,2012,ARPA,2,30
ANG,initial,ANG75,regen_plot,2012,CEVE,35,55
PNP,initial,PNP1000008,regen_plot,2010,CEIN,15,200
PNP,initial,PNP1000008,regen_plot,2010,RUAR,10,150
PNP,initial,PNP1000008,regen_plot,2010,UNK_,0.5,50
PNT,initial,PNT1000008,regen_plot,2010,CEIN,30,290
PNT,initial,PNT1000008,regen_plot,2010,TODI,0.5,10
PNT,initial,PNT1100077,regen_plot,2011,ARPA,1,180
PNT,initial,PNT1100077,regen_plot,2011,CEIN,50,300
SIM,initial,SIM001,regen_plot,2010,ARPA,1,60
SIM,initial,SIM001,regen_plot,2010,CEIN,5,80
SIM,initial,SIM001,regen_plot,2010,TODI,2,60
SIM,initial,SIM003,regen_plot,2010,ARPA,1,50
SIM,initial,SIM003,regen_plot,2010,CEIN,15,120
SIM,initial,SIM003,regen_plot,2010,RIRO,3.5,40
SIM,initial,SIM003,regen_plot,2010,TODI,1,60
SIM,initial,SIM006,regen_plot,2010,CEIN,5,190
SIM,initial,SIM006,regen_plot,2010,RIRO,1,120
SIM,initial,SIM006,regen_plot,2010,RUUR,2,180
SIM,initial,SIM008,regen_plot,2010,CEIN,30,160
SIM,initial,SIM008,regen_plot,2010,RUUR,1,50
SIM,initial,SIM008,regen_plot,2010,TODI,2,150
SIM,initial,SIM015,regen_plot,2010,ARPA,0.5,15
SIM,initial,SIM015,regen_plot,2010,PRSU,0.5,25
SIM,initial,SIM017,regen_plot,2010,TODI,6,100
SIM,initial,SIM017,regen_plot,2010,UNK_,0.5,150
SIM,initial,SIM024,regen_plot,2010,ARPA,0.5,30
SIM,initial,SIM024,regen_plot,2010,ROWO,1,80
SIM,initial,SIM024,regen_plot,2010,TODI,1,110
SIM,initial,SIM025,regen_plot,2010,ARPA,0.5,90
SIM,initial,SIM025,regen_plot,2010,CEIN,1,80
SIM,initial,SIM025,regen_plot,2010,TODI,1,100
SIM,initial,SIM025,regen_plot,2010,UNK_,0.5,70
SIM,initial,SIM026,regen_plot,2010,TODI,10,100
SIM,initial,SIM027,regen_plot,2010,APAN,1,40
SIM,initial,SIM027,regen_plot,2010,CECO,0.5,70
SIM,initial,SIM027,regen_plot,2010,GAFR,2,75
SIM,initial,SIM027,regen_plot,2010,RIRO,3,80
SIM,initial,SIM027,regen_plot,2010,RUAR,2,100
SIM,initial,SIM027,regen_plot,2010,TODI,5,100
SIM,initial,SIM030,regen_plot,2010,ARPA,0.5,20
SIM,initial,SIM030,regen_plot,2010,RUAR,0.5,40
SIM,initial,SIM031,regen_plot,2010,APAN,1,30
SIM,initial,SIM031,regen_plot,2010,ARPA,0.5,50
SIM,initial,SIM031,regen_plot,2010,RIRO,3,100
SIM,initial,SIM031,regen_plot,2010,ROWO,2,50
SIM,initial,SIM031,regen_plot,2010,UNK_,2,50
SIM,initial,SIM032,regen_plot,2010,UNK_,0.5,75
SIM,initial,SIM033,regen_plot,2010,ARPA,0.5,30
SIM,initial,SIM034,regen_plot,2010,ARPA,2,60
SIM,initial,SIM034,regen_plot,2010,CEFR,3,80
SIM,initial,SIM034,regen_plot,2010,SYMO,1,15
SIM,initial,SIM034,regen_plot,2010,TODI,3,66
SIM,initial,SIM037,regen_plot,2010,APAN,0.5,30
SIM,initial,SIM037,regen_plot,2010,ARPA,1,50
SIM,initial,SIM037,regen_plot,2010,ARVI,0.5,100
SIM,initial,SIM037,regen_plot,2010,CEIN,8,150
SIM,initial,SIM037,regen_plot,2010,RIBES,0.5,30
SIM,initial,SIM037,regen_plot,2010,TODI,1,50
SIM,initial,SIM038,regen_plot,2010,CEIN,0.5,70
SIM,initial,SIM048,regen_plot,2010,BEAQ,0.5,30
SIM,initial,SIM048,regen_plot,2010,PRUNUS,4,300
SIM,initial,SIM048,regen_plot,2010,RUAR,1,200
SIM,initial,SIM048,regen_plot,2010,RUUR,3,150
SIM,initial,SIM048,regen_plot,2010,SALU,0.5,230
SIM,initial,SIM048,regen_plot,2010,SAME,4,180
SIM,initial,SIM052,regen_plot,2010,CEIN,1,180
SIM,initial,SIM052,regen_plot,2010,RIBES,3,20
SIM,initial,SIM053,regen_plot,2010,CEIN,10,110
SIM,initial,SIM053,regen_plot,2010,RIBES,2,120
SIM,initial,SIM053,regen_plot,2010,TODI,0.5,60
SIM,initial,SIM058,regen_plot,2010,CEIN,15,150
SIM,initial,SIM058,regen_plot,2010,TODI,5,50
SIM,initial,SIM059,regen_plot,2010,ARPA,2,50
SIM,initial,SIM059,regen_plot,2010,ARVI,3,50
SIM,initial,SIM059,regen_plot,2010,CEIN,45,150
SIM,initial,SIM059,regen_plot,2010,SYMO,0.5,40
SIM,initial,SIM062,regen_plot,2010,ARPA,1,100
SIM,initial,SIM062,regen_plot,2010,CEIN,1,60
SIM,initial,SIM062,regen_plot,2010,RUUR,0.5,30
SIM,initial,SIM063,regen_plot,2010,ARPA,0.5,155
SIM,initial,SIM063,regen_plot,2010,CEIN,2,190
SIM,initial,SIM063,regen_plot,2010,TODI,0.5,50
SIM,initial,SIM068,regen_plot,2010,CEIN,3,100
SIM,initial,SIM068,regen_plot,2010,TODI,5,100
SIM,initial,SIM068,regen_plot,2010,UNK_,2,70
SIM,initial,SIM069,regen_plot,2010,ARPA,2,70
SIM,initial,SIM069,regen_plot,2010,CEIN,6,150
SIM,initial,SIM080,regen_plot,2010,CEIN,40,230
SIM,initial,SIM080,regen_plot,2010,TODI,5,200
SIM,initial,SIM091,regen_plot,2010,ARPA,1,80
SIM,initial,SIM091,regen_plot,2010,ARVI,0.5,50
SIM,initial,SIM091,regen_plot,2010,CEIN,10,100
SIM,initial,SIM091,regen_plot,2010,RIRO,0.5,180
SIM,initial,SIM091,regen_plot,2010,RUUR,0.5,50
SIM,initial,SIM091,regen_plot,2010,TODI,0.5,20
Pendola,revisit,PNT1100077,regen_plot,2022,CEIN,20,4.2
Pendola,revisit,PNT1000008,regen_plot,2022,CONU,30,730
Pendola,revisit,PNP1000008,regen_plot,2022,CONU,13,4.5
Angora,revisit,ANG50,regen_plot,2022,CECO,28,97
Angora,revisit,ANG50,regen_plot,2022,CEVE,42,115
Angora,revisit,ANG50,regen_plot,2022,ARPA,28,101
Angora,revisit,ANG25,regen_plot,2022,CECO,49,78
Angora,revisit,ANG25,regen_plot,2022,ARPA,16,103
Angora,revisit,ANG16,regen_plot,2022,CECO,50,92
Angora,revisit,ANG16,regen_plot,2022,ARPA,10,89
Angora,revisit,ANG45,regen_plot,2022,CEVE,88,109
Angora,revisit,ANG45,regen_plot,2022,ARPA,10,113
Angora,revisit,ANG4,regen_plot,2022,CECO,91,88
Angora,revisit,ANG30,regen_plot,2022,NA,0,NA
Angora,revisit,ANG75,regen_plot,2022,CECO,46,83
Angora,revisit,ANG75,regen_plot,2022,CEPR,90,5
Angora,revisit,ANG10,regen_plot,2022,CECO,25,99
Angora,revisit,ANG56,regen_plot,2022,ARPA,13,147.5
Angora,revisit,ANG56,regen_plot,2022,CEVE,12,147
Angora,revisit,ANG56,regen_plot,2022,CECO,92,89
Angora,revisit,ANG32,regen_plot,2022,NA,NA,NA
American River Complex,revisit,AMR1300423,regen_plot,2022,CEPR,68,5
American River Complex,revisit,AMR1300423,regen_plot,2022,ARPA,36,112
SIMS,revisit,SIM001,regen_plot,2016,CEIN,20,160
SIMS,revisit,SIM001,regen_plot,2016,TODI,2,20
SIMS,revisit,SIM003,regen_plot,2016,CEIN,10,200
SIMS,revisit,SIM003,regen_plot,2016,RUBUS,0.5,50
SIMS,revisit,SIM003,regen_plot,2016,TODI,30,30
SIMS,revisit,SIM006,regen_plot,2016,BEAQ,1,0
SIMS,revisit,SIM006,regen_plot,2016,BENE,3,25
SIMS,revisit,SIM006,regen_plot,2016,LAHI,1,0
SIMS,revisit,SIM006,regen_plot,2016,LASE,1,0
SIMS,revisit,SIM006,regen_plot,2016,TODI,0.5,25
SIMS,revisit,SIM008,regen_plot,2016,CEIN,60,200
SIMS,revisit,SIM008,regen_plot,2016,ROGY,1,50
SIMS,revisit,SIM008,regen_plot,2016,TODI,15,100
SIMS,revisit,SIM015,regen_plot,2016,ARPA,2,60
SIMS,revisit,SIM017,regen_plot,2016,TODI,13,100
SIMS,revisit,SIM018,regen_plot,2016,CEIN,0.5,35
SIMS,revisit,SIM018,regen_plot,2016,LOHI,0.5,10
SIMS,revisit,SIM018,regen_plot,2016,RIBES,1,0
SIMS,revisit,SIM018,regen_plot,2016,RIRO,0.5,5
SIMS,revisit,SIM018,regen_plot,2016,TODI,0.5,2
SIMS,revisit,SIM024,regen_plot,2016,ARPA,0.5,15
SIMS,revisit,SIM024,regen_plot,2016,CEIN,3,210
SIMS,revisit,SIM024,regen_plot,2016,ROWO,1,170
SIMS,revisit,SIM024,regen_plot,2016,TODI,3,120
SIMS,revisit,SIM025,regen_plot,2016,ARPA,4,140
SIMS,revisit,SIM025,regen_plot,2016,BENE,0.5,10
SIMS,revisit,SIM025,regen_plot,2016,CEIN,4,130
SIMS,revisit,SIM025,regen_plot,2016,TODI,1,75
SIMS,revisit,SIM026,regen_plot,2016,BENE,0.5,10
SIMS,revisit,SIM026,regen_plot,2016,LOHI,1,40
SIMS,revisit,SIM026,regen_plot,2016,TODI,25,75
SIMS,revisit,SIM027,regen_plot,2016,BEAQ,2,20
SIMS,revisit,SIM027,regen_plot,2016,BEPI,1,0
SIMS,revisit,SIM027,regen_plot,2016,GAFL,1,25
SIMS,revisit,SIM027,regen_plot,2016,RIBES,1,0
SIMS,revisit,SIM027,regen_plot,2016,RIBI,1,0
SIMS,revisit,SIM027,regen_plot,2016,RIRO,1.5,35
SIMS,revisit,SIM027,regen_plot,2016,TODI,8,30
SIMS,revisit,SIM027,regen_plot,2016,UNK_SP,0.5,90
SIMS,revisit,SIM030,regen_plot,2016,ARCA,6,100
SIMS,revisit,SIM030,regen_plot,2016,ARPA,6,100
SIMS,revisit,SIM030,regen_plot,2016,CEIN,30,150
SIMS,revisit,SIM030,regen_plot,2016,ROGY,0.5,20
SIMS,revisit,SIM030,regen_plot,2016,TODI,5,75
SIMS,revisit,SIM031,regen_plot,2016,ARPA,1,70
SIMS,revisit,SIM031,regen_plot,2016,CEIN,3,170
SIMS,revisit,SIM031,regen_plot,2016,LATHY,1,0
SIMS,revisit,SIM031,regen_plot,2016,TODI,0.5,5
SIMS,revisit,SIM032,regen_plot,2016,BENE,0.5,18
SIMS,revisit,SIM032,regen_plot,2016,CEIN,1,100
SIMS,revisit,SIM032,regen_plot,2016,TODI,0.5,15
SIMS,revisit,SIM033,regen_plot,2016,ARPA,2,30
SIMS,revisit,SIM033,regen_plot,2016,BAPI,1,0
SIMS,revisit,SIM033,regen_plot,2016,BERBE,1,0
SIMS,revisit,SIM033,regen_plot,2016,LATHY,1,0
SIMS,revisit,SIM034,regen_plot,2016,ARPA,12,120
SIMS,revisit,SIM034,regen_plot,2016,CEAR,12,120
SIMS,revisit,SIM037,regen_plot,2016,ARPA,1,150
SIMS,revisit,SIM037,regen_plot,2016,BENE,2,25
SIMS,revisit,SIM037,regen_plot,2016,BERBE,1,0
SIMS,revisit,SIM037,regen_plot,2016,CEIN,15,130
SIMS,revisit,SIM037,regen_plot,2016,LATHY,1,0
SIMS,revisit,SIM038,regen_plot,2016,CEIN,0.5,100
SIMS,revisit,SIM038,regen_plot,2016,ROGY,0.5,30
SIMS,revisit,SIM048,regen_plot,2016,BENE,1,30
SIMS,revisit,SIM048,regen_plot,2016,CEIN,1,200
SIMS,revisit,SIM048,regen_plot,2016,RUBUS,1,2.5
SIMS,revisit,SIM048,regen_plot,2016,RUPA,0.5,5
SIMS,revisit,SIM048,regen_plot,2016,TODI,2,15
SIMS,revisit,SIM052,regen_plot,2016,CEIN,5,200
SIMS,revisit,SIM052,regen_plot,2016,RIBES,0.5,30
SIMS,revisit,SIM052,regen_plot,2016,RUBUS,0.5,15
SIMS,revisit,SIM053,regen_plot,2016,CEIN,39.5,150
SIMS,revisit,SIM053,regen_plot,2016,RIBES,0.5,60
SIMS,revisit,SIM058,regen_plot,2016,CEIN,10,100
SIMS,revisit,SIM058,regen_plot,2016,LATHY,1,0
SIMS,revisit,SIM058,regen_plot,2016,LOHI,10,50
SIMS,revisit,SIM058,regen_plot,2016,RIBES,1,0
SIMS,revisit,SIM058,regen_plot,2016,RIRO,1,25
SIMS,revisit,SIM058,regen_plot,2016,TODI,10,50
SIMS,revisit,SIM059,regen_plot,2016,ARPA,2,160
SIMS,revisit,SIM059,regen_plot,2016,CEIN,8,110
SIMS,revisit,SIM062,regen_plot,2016,ARPA,1,150
SIMS,revisit,SIM062,regen_plot,2016,CEIN,4,250
SIMS,revisit,SIM063,regen_plot,2016,CEIN,1,200
SIMS,revisit,SIM063,regen_plot,2016,RUBUS,1,1.5
SIMS,revisit,SIM063,regen_plot,2016,TODI,0.5,7
SIMS,revisit,SIM068,regen_plot,2016,CEAR,10,100
SIMS,revisit,SIM068,regen_plot,2016,CEIN,5,120
SIMS,revisit,SIM068,regen_plot,2016,TODI,8,75
SIMS,revisit,SIM069,regen_plot,2016,ARPA,1,200
SIMS,revisit,SIM069,regen_plot,2016,CEIN,15,220
SIMS,revisit,SIM080,regen_plot,2017,BEAQ,2,25
SIMS,revisit,SIM080,regen_plot,2017,CEIN,40,180
SIMS,revisit,SIM080,regen_plot,2017,TODI,1,30
SIMS,revisit,SIM091,regen_plot,2017,ARCA,1,30
SIMS,revisit,SIM091,regen_plot,2017,BEAQ,0.5,15
SIMS,revisit,SIM091,regen_plot,2017,CEIN,5,100
SIMS,revisit,SIM091,regen_plot,2017,RULE,0.5,10
SIMS,revisit,SIM091,regen_plot,2017,TODI,0.5,20
